method	agglomerative_coefficient
single	0.668827451436147
average	0.674465900239292
complete	0.674508409338131
ward	0.840890809492609
